2015-01-16 07:52:26.504;792.6442;283.8568;736.5474;189.8467;15.0;435.0;
2015-01-16 07:52:26.537;750.5302;270.161;765.3834;178.7312;15.0;435.0;
2015-01-16 07:52:26.570;780.279;322.808;725.7639;239.587;15.0;435.0;
2015-01-16 07:52:26.603;736.8354;341.6559;711.4499;216.7087;15.0;435.0;
2015-01-16 07:52:26.637;850.2722;564.8157;758.5538;257.2641;15.0;435.0;
2015-01-16 07:52:26.670;770.9722;477.8632;749.6954;303.0083;15.0;435.0;
2015-01-16 07:52:26.703;680.4429;417.6778;616.4923;304.4379;15.0;435.0;
2015-01-16 07:52:26.737;627.7631;394.2735;640.6848;353.1058;15.0;435.0;
2015-01-16 07:52:26.770;695.8049;329.6128;663.5432;332.7263;15.0;435.0;
2015-01-16 07:52:26.803;661.2938;352.2408;589.752;337.9966;15.0;435.0;
2015-01-16 07:52:26.837;684.6348;376.6265;614.6235;295.0589;15.0;435.0;
2015-01-16 07:52:26.870;708.4307;380.933;0.0;0.0;15.0;435.0;
2015-01-16 07:52:26.903;605.1943;287.9781;0.0;0.0;15.0;435.0;
2015-01-16 07:52:26.936;668.1456;314.4346;672.4219;274.7723;15.0;435.0;
2015-01-16 07:52:26.970;646.9661;281.5569;653.2948;301.6078;15.0;435.0;
2015-01-16 07:52:27.003;625.1464;380.6139;580.2828;294.7283;15.0;435.0;
2015-01-16 07:52:27.036;43.1274;423.9074;60.2323;479.9087;15.0;435.0;
2015-01-16 07:52:27.070;53.027;488.2347;-47.0565;448.6121;15.0;435.0;
2015-01-16 07:52:27.103;20.9295;495.0043;0.0;0.0;15.0;435.0;
2015-01-16 07:52:27.136;-16.8936;533.8541;0.0;0.0;15.0;435.0;
2015-01-16 07:52:27.170;28.3718;499.7667;-15.9338;429.1802;15.0;435.0;
2015-01-16 07:52:27.203;103.5529;501.4551;86.5124;432.9801;15.0;435.0;
2015-01-16 07:52:27.236;57.2969;495.7346;27.5273;406.2749;15.0;435.0;
2015-01-16 07:52:27.270;60.6881;473.1553;74.6683;441.8393;15.0;435.0;
2015-01-16 07:52:27.303;15.919;536.7672;32.2143;418.1858;15.0;435.0;
2015-01-16 07:52:27.336;65.0087;457.4427;0.0;0.0;15.0;435.0;
2015-01-16 07:52:27.369;55.0371;471.7804;0.0;0.0;15.0;435.0;
2015-01-16 07:52:27.403;100.0049;501.4832;0.0;0.0;15.0;435.0;
2015-01-16 07:52:27.436;47.3033;433.9005;42.0657;395.2126;15.0;435.0;
2015-01-16 07:52:27.469;79.406;453.9227;89.8279;447.7455;15.0;435.0;
2015-01-16 07:52:27.503;64.8514;472.0354;75.488;436.054;15.0;435.0;
2015-01-16 07:52:27.536;65.1342;380.1938;76.8487;458.4387;15.0;435.0;
2015-01-16 07:52:27.570;55.028;461.8902;0.0;0.0;15.0;435.0;
2015-01-16 07:52:27.604;70.1606;419.8809;0.0;0.0;660.0;435.0;
2015-01-16 07:52:27.637;68.17;442.1707;0.0;0.0;660.0;435.0;
2015-01-16 07:52:27.670;63.4886;459.195;48.5413;437.2842;660.0;435.0;
2015-01-16 07:52:27.704;67.3426;423.3245;64.5886;432.537;660.0;435.0;
2015-01-16 07:52:27.737;20.18;414.9737;61.5913;409.9652;660.0;435.0;
2015-01-16 07:52:27.770;98.083;456.1948;86.2959;445.7411;660.0;435.0;
2015-01-16 07:52:27.803;81.6622;429.8471;106.3625;520.3923;660.0;435.0;
2015-01-16 07:52:27.837;121.7745;484.7749;0.0;0.0;660.0;435.0;
2015-01-16 07:52:27.870;222.2086;457.0064;270.2384;451.4058;660.0;435.0;
2015-01-16 07:52:27.903;712.1964;426.0978;752.5547;496.5804;660.0;435.0;
2015-01-16 07:52:27.937;740.836;436.3771;742.0223;448.7016;660.0;435.0;
2015-01-16 07:52:27.970;0.0;0.0;741.158;508.3632;660.0;435.0;
2015-01-16 07:52:28.003;757.6048;402.5876;766.7086;467.7137;660.0;435.0;
2015-01-16 07:52:28.036;758.7451;383.1075;728.833;460.7881;660.0;435.0;
2015-01-16 07:52:28.070;746.8153;438.6223;745.8703;450.589;660.0;435.0;
2015-01-16 07:52:28.103;742.3157;447.5358;747.8134;483.8966;660.0;435.0;
2015-01-16 07:52:28.136;774.4452;461.3328;729.2646;456.2558;660.0;435.0;
2015-01-16 07:52:28.170;767.3654;505.0411;725.9689;441.4597;660.0;435.0;
2015-01-16 07:52:28.203;0.0;0.0;680.3129;457.4238;660.0;435.0;
2015-01-16 07:52:28.236;0.0;0.0;792.2494;492.0556;660.0;435.0;
2015-01-16 07:52:28.270;720.9779;455.9881;742.2982;546.353;660.0;435.0;
2015-01-16 07:52:28.303;601.7928;418.9702;584.8362;463.3302;660.0;435.0;
2015-01-16 07:52:28.337;0.0;0.0;689.5793;497.2755;660.0;435.0;
2015-01-16 07:52:28.370;692.7825;460.8541;679.5365;363.4402;660.0;435.0;
2015-01-16 07:52:28.405;0.0;0.0;691.6933;494.2634;660.0;435.0;
2015-01-16 07:52:28.436;0.0;0.0;721.4607;508.5878;660.0;435.0;
2015-01-16 07:52:28.469;709.6036;494.9042;666.5225;486.5395;660.0;435.0;
2015-01-16 07:52:28.503;735.1707;456.0631;670.293;425.4163;15.0;435.0;
2015-01-16 07:52:28.536;720.6386;481.8197;720.6563;458.7478;15.0;435.0;
2015-01-16 07:52:28.569;670.1488;440.9314;658.6221;461.3226;15.0;435.0;
2015-01-16 07:52:28.603;0.0;0.0;688.4741;441.4984;15.0;435.0;
2015-01-16 07:52:28.636;668.2229;405.7701;669.494;415.0286;15.0;435.0;
2015-01-16 07:52:28.669;686.5077;480.8916;672.0762;452.1782;15.0;435.0;
2015-01-16 07:52:28.703;677.988;490.5719;731.0139;467.6106;15.0;435.0;
2015-01-16 07:52:28.736;715.7384;500.0581;737.2672;464.0201;15.0;435.0;
2015-01-16 07:52:28.769;709.7949;433.5063;642.8782;511.8109;15.0;435.0;
2015-01-16 07:52:28.802;161.206;600.2919;0.0;0.0;15.0;435.0;
2015-01-16 07:52:28.836;-32.7479;539.7765;0.0;0.0;15.0;435.0;
2015-01-16 07:52:28.869;88.1868;497.988;53.9548;452.9055;15.0;435.0;
2015-01-16 07:52:28.902;76.9462;528.5276;13.4837;422.2088;15.0;435.0;
2015-01-16 07:52:28.936;-21.1709;567.9302;-3.4135;447.7782;15.0;435.0;
2015-01-16 07:52:28.969;57.7656;579.5059;-116.5556;808.8443;15.0;435.0;
2015-01-16 07:52:29.002;60.6372;495.6526;0.0;0.0;15.0;435.0;
2015-01-16 07:52:29.036;18.0756;440.6959;0.0;0.0;15.0;435.0;
2015-01-16 07:52:29.069;26.1982;572.9997;31.2947;447.5299;15.0;435.0;
2015-01-16 07:52:29.102;76.3525;455.8748;23.8302;431.3123;15.0;435.0;
2015-01-16 07:52:29.136;9.5373;484.9713;43.9254;440.6947;15.0;435.0;
2015-01-16 07:52:29.169;47.9849;483.8871;-7.2919;462.9359;15.0;435.0;
2015-01-16 07:52:29.202;32.2931;546.8474;0.0;0.0;15.0;435.0;
2015-01-16 07:52:29.235;73.1819;527.5355;0.0;0.0;15.0;435.0;
2015-01-16 07:52:29.269;24.4503;541.1584;0.0;0.0;15.0;435.0;
2015-01-16 07:52:29.302;335.2984;630.8687;336.202;426.3309;15.0;435.0;
2015-01-16 07:52:29.335;424.3736;397.2192;406.2991;415.2938;15.0;435.0;
2015-01-16 07:52:29.381;433.8841;482.8356;464.5078;449.763;15.0;435.0;
2015-01-16 07:52:29.402;436.575;443.4619;0.0;0.0;15.0;435.0;
2015-01-16 07:52:29.435;428.9951;476.9525;460.7957;516.0106;660.0;435.0;
2015-01-16 07:52:29.469;392.3944;422.8632;0.0;0.0;660.0;435.0;
2015-01-16 07:52:29.502;427.4846;446.6632;0.0;0.0;660.0;435.0;
2015-01-16 07:52:29.535;510.6127;388.7911;491.7505;389.3255;660.0;435.0;
2015-01-16 07:52:29.569;692.6061;395.6719;718.3316;427.8284;660.0;435.0;
2015-01-16 07:52:29.602;745.9641;478.0854;752.2729;404.2137;660.0;435.0;
2015-01-16 07:52:29.635;725.8705;439.2987;707.0031;417.4678;660.0;435.0;
2015-01-16 07:52:29.669;726.6788;452.3096;752.3917;445.0796;660.0;435.0;
2015-01-16 07:52:29.702;750.3506;453.7316;797.0165;462.0803;660.0;435.0;
2015-01-16 07:52:29.735;694.3666;409.1635;747.0815;406.4192;660.0;435.0;
2015-01-16 07:52:29.769;696.4836;411.7308;701.9933;444.1749;660.0;435.0;
2015-01-16 07:52:29.802;714.1466;463.9315;667.4092;394.7804;660.0;435.0;
2015-01-16 07:52:29.835;0.0;0.0;640.1927;398.932;660.0;435.0;
2015-01-16 07:52:29.868;0.0;0.0;724.5443;483.1368;660.0;435.0;
2015-01-16 07:52:29.902;692.6129;450.5973;696.5226;474.5841;660.0;435.0;
2015-01-16 07:52:29.935;0.0;0.0;710.4944;492.2695;660.0;435.0;
2015-01-16 07:52:29.968;685.6997;480.0208;710.7033;401.6615;660.0;435.0;
2015-01-16 07:52:30.001;684.9992;427.7597;690.6899;384.3193;660.0;435.0;
2015-01-16 07:52:30.035;699.0056;439.526;685.0798;425.7898;660.0;435.0;
2015-01-16 07:52:30.068;659.9832;470.9027;701.1432;412.2275;660.0;435.0;
2015-01-16 07:52:30.101;667.3615;455.9745;671.0252;445.5592;660.0;435.0;
2015-01-16 07:52:30.135;716.4117;418.6993;689.7288;458.5074;660.0;435.0;
2015-01-16 07:52:30.168;546.3665;504.1524;0.0;0.0;660.0;435.0;
2015-01-16 07:52:30.201;473.0057;431.6214;0.0;0.0;660.0;435.0;
2015-01-16 07:52:30.235;460.5687;418.3024;485.7765;383.3738;660.0;435.0;
2015-01-16 07:52:30.268;428.1599;397.5169;458.3991;396.0075;660.0;435.0;
2015-01-16 07:52:30.301;0.0;0.0;508.361;434.9889;660.0;435.0;
2015-01-16 07:52:30.335;0.0;0.0;0.0;0.0;15.0;435.0;
2015-01-16 07:52:30.368;0.0;0.0;0.0;0.0;15.0;435.0;
2015-01-16 07:52:30.401;0.0;0.0;0.0;0.0;15.0;435.0;
2015-01-16 07:52:30.435;0.0;0.0;0.0;0.0;15.0;435.0;
2015-01-16 07:52:30.468;589.1909;393.8514;587.8907;362.8172;15.0;435.0;
2015-01-16 07:52:30.501;623.0273;481.3875;599.7359;394.4622;15.0;435.0;
2015-01-16 07:52:30.534;585.8535;429.9381;593.0245;402.8849;15.0;435.0;
2015-01-16 07:52:30.568;599.0778;468.9501;591.651;365.346;15.0;435.0;
2015-01-16 07:52:30.601;291.0131;589.7969;0.0;0.0;15.0;435.0;
2015-01-16 07:52:30.634;19.5982;528.9052;0.0;0.0;15.0;435.0;
2015-01-16 07:52:30.668;20.3183;466.9395;0.0;0.0;15.0;435.0;
2015-01-16 07:52:30.701;-5.2973;501.9484;0.0;0.0;15.0;435.0;
2015-01-16 07:52:30.734;8.5891;480.6362;-22.5224;454.7401;660.0;435.0;
2015-01-16 07:52:30.767;-26.6353;458.9547;17.7014;420.6396;660.0;435.0;
2015-01-16 07:52:30.801;42.9644;610.4073;0.0;0.0;660.0;435.0;
2015-01-16 07:52:30.834;-7.1822;525.7784;0.0;0.0;660.0;435.0;
2015-01-16 07:52:30.868;-13.2302;496.9547;0.0;0.0;660.0;435.0;
2015-01-16 07:52:30.901;8.0472;441.2082;0.0;0.0;660.0;435.0;
2015-01-16 07:52:30.934;-9.2052;427.4828;29.1297;428.6921;660.0;435.0;
2015-01-16 07:52:30.967;0.0;0.0;0.0;0.0;660.0;435.0;
2015-01-16 07:52:31.001;0.0;0.0;0.0;0.0;660.0;435.0;
2015-01-16 07:52:31.034;0.0;0.0;0.0;0.0;660.0;435.0;
2015-01-16 07:52:31.067;0.0;0.0;0.0;0.0;660.0;435.0;
2015-01-16 07:52:31.101;322.395;753.82;415.3931;683.5847;660.0;435.0;
2015-01-16 07:52:31.134;355.2227;438.8852;360.1004;462.7475;660.0;435.0;
2015-01-16 07:52:31.167;365.6443;451.0306;348.4231;419.2747;660.0;435.0;
2015-01-16 07:52:31.201;321.8729;435.0106;386.9692;446.3561;660.0;435.0;
2015-01-16 07:52:31.234;325.6291;435.8245;330.783;467.4116;660.0;435.0;
2015-01-16 07:52:31.267;331.099;442.9881;342.3623;527.7367;660.0;435.0;
2015-01-16 07:52:31.300;745.5632;512.3154;723.8891;558.6473;660.0;435.0;
2015-01-16 07:52:31.334;749.9796;465.5758;741.9953;469.134;660.0;435.0;
2015-01-16 07:52:31.367;739.4927;535.5299;780.1453;516.7463;15.0;435.0;
2015-01-16 07:52:31.400;741.4578;499.0037;714.079;462.6292;15.0;435.0;
2015-01-16 07:52:31.434;737.2431;502.9701;747.7478;511.9952;15.0;435.0;
2015-01-16 07:52:31.467;723.0193;434.7803;755.3271;521.2064;15.0;435.0;
2015-01-16 07:52:31.500;732.6849;460.3282;729.4279;511.8467;15.0;435.0;
2015-01-16 07:52:31.534;741.0671;517.2768;733.2119;504.999;15.0;435.0;
2015-01-16 07:52:31.567;633.5613;475.3232;673.1584;486.6311;15.0;435.0;
2015-01-16 07:52:31.601;649.6541;424.0724;661.9988;450.4221;15.0;435.0;
2015-01-16 07:52:31.635;650.9371;468.1402;661.3622;465.369;15.0;435.0;
2015-01-16 07:52:31.667;636.9418;476.7412;685.7633;497.5862;15.0;435.0;
2015-01-16 07:52:31.700;669.1877;485.2191;708.5837;479.6162;15.0;435.0;
2015-01-16 07:52:31.733;645.9218;465.226;656.7094;441.2328;15.0;435.0;
2015-01-16 07:52:31.767;627.014;467.2157;693.7771;513.2622;15.0;435.0;
2015-01-16 07:52:31.800;593.834;406.3158;646.6382;502.4546;15.0;435.0;
2015-01-16 07:52:31.833;617.155;439.6779;658.7283;471.9102;15.0;435.0;
2015-01-16 07:52:31.867;624.2283;420.3035;678.2434;470.7247;15.0;435.0;
2015-01-16 07:52:31.900;499.0463;473.5367;474.0389;477.6854;15.0;435.0;
2015-01-16 07:52:31.933;61.241;588.9734;0.0;0.0;15.0;435.0;
2015-01-16 07:52:31.967;-0.6;489.1646;0.0;0.0;660.0;435.0;
2015-01-16 07:52:32.000;-48.3078;528.9266;0.0;0.0;660.0;435.0;
2015-01-16 07:52:32.033;2.8472;502.3809;53.5994;473.3314;660.0;435.0;
2015-01-16 07:52:32.066;18.4813;512.6913;-18.7358;451.164;660.0;435.0;
2015-01-16 07:52:32.100;28.1892;514.363;0.0;0.0;660.0;435.0;
2015-01-16 07:52:32.133;13.9274;450.8428;0.0;0.0;660.0;435.0;
2015-01-16 07:52:32.166;-32.5228;589.3391;0.0;0.0;660.0;435.0;
2015-01-16 07:52:32.200;0.0;0.0;0.0;0.0;660.0;435.0;
2015-01-16 07:52:32.233;-7.7037;478.5728;0.0;0.0;660.0;435.0;
2015-01-16 07:52:32.266;38.0782;481.018;0.0;0.0;660.0;435.0;
2015-01-16 07:52:32.300;39.4132;611.6098;44.0401;452.555;660.0;435.0;
2015-01-16 07:52:32.333;88.3328;476.2439;31.3511;465.1558;660.0;435.0;
2015-01-16 07:52:32.366;18.4242;477.2361;0.0;0.0;1365.0;435.0;
2015-01-16 07:52:32.399;481.34;426.0826;496.4457;531.8746;1365.0;435.0;
2015-01-16 07:52:32.433;673.6896;434.5967;706.4084;573.4615;1365.0;435.0;
2015-01-16 07:52:32.466;624.5089;496.0984;652.3525;501.2728;1365.0;435.0;
2015-01-16 07:52:32.499;0.0;0.0;648.566;479.6057;1365.0;435.0;
2015-01-16 07:52:32.533;620.6393;457.7209;621.2748;428.5164;1365.0;435.0;
2015-01-16 07:52:32.566;615.4047;406.997;700.0649;478.4152;1365.0;435.0;
2015-01-16 07:52:32.599;615.1371;510.6301;639.0447;448.761;1365.0;435.0;
2015-01-16 07:52:32.633;677.1932;505.9657;650.1474;516.853;1365.0;435.0;
2015-01-16 07:52:32.700;633.8461;484.3274;680.9311;472.2532;1365.0;435.0;
2015-01-16 07:52:32.700;677.1932;505.9657;650.1474;516.853;1365.0;435.0;
2015-01-16 07:52:32.766;0.0;0.0;690.6834;518.1543;1365.0;435.0;
2015-01-16 07:52:32.799;0.0;0.0;574.1345;499.1343;1365.0;435.0;
2015-01-16 07:52:32.832;0.0;0.0;608.92;509.8108;1365.0;435.0;
2015-01-16 07:52:32.866;582.3305;446.2388;620.4336;525.122;660.0;435.0;
2015-01-16 07:52:32.899;636.4971;457.4311;618.6544;529.0418;660.0;435.0;
2015-01-16 07:52:32.933;622.1898;459.5865;637.7126;516.8573;660.0;435.0;
2015-01-16 07:52:32.966;622.677;538.578;620.8276;437.9025;660.0;435.0;
2015-01-16 07:52:32.999;594.7997;444.8033;629.4852;458.7559;660.0;435.0;
2015-01-16 07:52:33.032;593.212;465.9801;592.4407;523.9861;660.0;435.0;
2015-01-16 07:52:33.066;713.8681;517.1061;736.2156;524.0016;660.0;435.0;
2015-01-16 07:52:33.099;688.7855;432.7336;761.464;526.0587;660.0;435.0;
2015-01-16 07:52:33.132;0.0;0.0;692.2883;540.3664;660.0;435.0;
2015-01-16 07:52:33.167;722.545;497.3486;689.0846;496.8129;660.0;435.0;
2015-01-16 07:52:33.199;0.0;0.0;705.6184;427.8744;660.0;435.0;
2015-01-16 07:52:33.232;0.0;0.0;765.485;497.5869;660.0;435.0;
2015-01-16 07:52:33.265;732.891;436.2992;713.5609;488.3545;660.0;435.0;
2015-01-16 07:52:33.299;695.5659;476.3723;730.0549;517.7177;660.0;435.0;
2015-01-16 07:52:33.332;701.139;417.1325;730.6835;470.8695;660.0;435.0;
2015-01-16 07:52:33.365;0.0;0.0;711.8581;570.1;660.0;435.0;
2015-01-16 07:52:33.399;0.0;0.0;723.0259;464.9783;660.0;435.0;
2015-01-16 07:52:33.432;0.0;0.0;744.4992;490.6974;660.0;435.0;
2015-01-16 07:52:33.465;677.1993;468.2476;725.7884;486.9233;660.0;435.0;
2015-01-16 07:52:33.498;696.1331;454.5228;671.4852;453.0803;660.0;435.0;
2015-01-16 07:52:33.532;706.6602;465.7923;694.7513;504.8239;660.0;435.0;
2015-01-16 07:52:33.565;697.8811;465.8945;679.2382;498.1501;660.0;435.0;
2015-01-16 07:52:33.598;670.2583;496.4311;736.3337;623.7618;660.0;435.0;
2015-01-16 07:52:33.632;701.5202;451.7704;718.6802;488.8253;660.0;435.0;
2015-01-16 07:52:33.665;0.0;0.0;660.632;476.4217;660.0;435.0;
2015-01-16 07:52:33.698;710.9039;430.5013;720.7935;427.2618;660.0;435.0;
2015-01-16 07:52:33.732;650.1439;436.5022;679.4319;462.2953;660.0;435.0;
2015-01-16 07:52:33.765;0.0;0.0;632.3066;546.6382;660.0;435.0;
2015-01-16 07:52:33.798;0.0;0.0;674.4149;498.5855;660.0;435.0;
2015-01-16 07:52:33.832;646.9153;415.7678;681.671;507.5621;660.0;435.0;
2015-01-16 07:52:33.865;649.9437;428.4271;676.0946;485.4025;660.0;435.0;
2015-01-16 07:52:33.898;647.2352;468.3078;639.4171;408.074;660.0;435.0;
2015-01-16 07:52:33.931;643.4056;462.5911;654.615;437.1882;660.0;435.0;
2015-01-16 07:52:33.965;0.0;0.0;722.3658;487.505;15.0;435.0;
2015-01-16 07:52:33.998;0.0;0.0;634.9705;486.7408;15.0;435.0;
2015-01-16 07:52:34.031;654.632;448.2822;705.4926;524.0944;15.0;435.0;
2015-01-16 07:52:34.065;637.2416;435.3831;705.9454;521.6454;15.0;435.0;
2015-01-16 07:52:34.098;651.4339;477.503;670.1237;431.4676;15.0;435.0;
2015-01-16 07:52:34.131;654.0056;422.447;660.7022;457.0853;15.0;435.0;
2015-01-16 07:52:34.165;0.0;0.0;664.5971;465.1295;15.0;435.0;
2015-01-16 07:52:34.198;0.0;0.0;641.4471;498.2648;15.0;435.0;
2015-01-16 07:52:34.231;0.0;0.0;869.8843;-49.1815;15.0;435.0;
2015-01-16 07:52:34.265;0.0;0.0;0.0;0.0;15.0;435.0;
2015-01-16 07:52:34.298;0.0;0.0;0.0;0.0;15.0;435.0;
2015-01-16 07:52:34.331;0.0;0.0;0.0;0.0;15.0;435.0;
2015-01-16 07:52:34.365;0.0;0.0;0.0;0.0;660.0;435.0;
2015-01-16 07:52:34.398;0.0;0.0;97.1288;430.0827;660.0;435.0;
2015-01-16 07:52:34.431;54.4457;480.4029;91.2694;489.7296;660.0;435.0;
2015-01-16 07:52:34.464;127.6953;450.4624;0.0;0.0;660.0;435.0;
2015-01-16 07:52:34.498;67.8559;638.7584;0.0;0.0;660.0;435.0;
2015-01-16 07:52:34.531;0.0;0.0;0.0;0.0;660.0;435.0;
2015-01-16 07:52:34.564;0.0;0.0;0.0;0.0;660.0;435.0;
2015-01-16 07:52:34.598;0.0;0.0;0.0;0.0;660.0;435.0;
2015-01-16 07:52:34.631;0.0;0.0;0.0;0.0;660.0;435.0;
2015-01-16 07:52:34.664;105.7174;465.1751;82.4189;473.6742;660.0;435.0;
2015-01-16 07:52:34.698;91.7897;564.9323;95.54;508.1278;660.0;435.0;
2015-01-16 07:52:34.731;64.5439;539.6987;0.0;0.0;660.0;435.0;
2015-01-16 07:52:34.764;-79.6836;618.5888;0.0;0.0;660.0;435.0;
2015-01-16 07:52:34.798;40.106;522.2694;0.0;0.0;660.0;435.0;
2015-01-16 07:52:34.831;0.0;0.0;0.0;0.0;660.0;435.0;
2015-01-16 07:52:34.864;30.5993;469.2133;96.2139;473.4816;660.0;435.0;
2015-01-16 07:52:34.897;96.4197;490.2013;68.8167;448.4796;660.0;435.0;
2015-01-16 07:52:34.931;99.9234;492.4566;90.1224;480.4666;660.0;435.0;
2015-01-16 07:52:34.964;82.8836;507.8358;0.0;0.0;660.0;435.0;
2015-01-16 07:52:34.997;39.6247;563.6572;0.0;0.0;660.0;435.0;
2015-01-16 07:52:35.031;65.9587;428.5116;0.0;0.0;660.0;435.0;
2015-01-16 07:52:35.064;129.6693;434.9337;127.8269;438.9032;1365.0;435.0;
2015-01-16 07:52:35.097;572.7289;466.4911;603.8301;476.3955;1365.0;435.0;
2015-01-16 07:52:35.130;693.4695;459.6563;688.5507;489.9837;1365.0;435.0;
2015-01-16 07:52:35.164;714.5873;529.9127;723.4225;517.9855;1365.0;435.0;
2015-01-16 07:52:35.197;642.6578;467.8179;710.7119;515.2819;1365.0;435.0;
2015-01-16 07:52:35.230;0.0;0.0;687.0542;542.4491;1365.0;435.0;
2015-01-16 07:52:35.264;0.0;0.0;684.4368;465.321;1365.0;435.0;
2015-01-16 07:52:35.300;0.0;0.0;700.5464;461.2455;1365.0;435.0;
2015-01-16 07:52:35.398;662.1816;459.5384;713.017;527.8543;1365.0;435.0;
2015-01-16 07:52:35.389;0.0;0.0;732.6076;524.7742;1365.0;435.0;
2015-01-16 07:52:35.430;0.0;0.0;0.0;0.0;1365.0;435.0;
2015-01-16 07:52:35.463;0.0;0.0;0.0;0.0;1365.0;435.0;
2015-01-16 07:52:35.497;685.6345;491.9498;699.6298;492.7742;1365.0;435.0;
2015-01-16 07:52:35.530;0.0;0.0;694.2267;505.9885;1365.0;435.0;
2015-01-16 07:52:35.564;681.0536;444.7264;694.2471;543.7679;1365.0;435.0;
2015-01-16 07:52:35.597;685.3903;513.5544;689.2742;514.5208;1365.0;435.0;
2015-01-16 07:52:35.630;683.3101;488.6084;687.5745;555.8021;1365.0;435.0;
2015-01-16 07:52:35.663;648.1392;436.2293;0.0;0.0;1365.0;435.0;
2015-01-16 07:52:35.697;0.0;0.0;0.0;0.0;1365.0;435.0;
2015-01-16 07:52:35.730;0.0;0.0;835.9556;476.0309;1365.0;435.0;
2015-01-16 07:52:35.763;1276.9192;461.2935;1258.0358;461.0982;1365.0;435.0;
2015-01-16 07:52:35.797;1250.859;429.0903;1429.1492;443.4094;1365.0;435.0;
2015-01-16 07:52:35.830;1251.6428;524.0845;1329.7085;566.2601;1365.0;435.0;
2015-01-16 07:52:35.863;1270.1812;436.9284;1322.2697;534.5485;1365.0;435.0;
2015-01-16 07:52:35.897;1247.8727;437.2615;1282.6536;543.3442;660.0;435.0;
2015-01-16 07:52:35.930;1237.8406;434.1478;0.0;0.0;660.0;435.0;
2015-01-16 07:52:35.963;1225.1224;367.9876;0.0;0.0;660.0;435.0;
2015-01-16 07:52:35.996;1379.4038;414.7636;1425.2808;525.7624;660.0;435.0;
2015-01-16 07:52:36.030;1353.517;445.7304;1437.3141;556.9968;660.0;435.0;
2015-01-16 07:52:36.063;1353.7007;460.3564;1424.7448;561.2286;660.0;435.0;
2015-01-16 07:52:36.097;1340.948;509.7366;1451.4624;515.8617;660.0;435.0;
2015-01-16 07:52:36.130;1358.823;513.1315;1521.3115;539.9143;660.0;435.0;
2015-01-16 07:52:36.163;1347.908;552.0657;1455.6602;495.965;660.0;435.0;
2015-01-16 07:52:36.196;1124.9321;431.8214;0.0;0.0;660.0;435.0;
2015-01-16 07:52:36.230;741.9897;484.4615;696.6052;490.1271;660.0;435.0;
2015-01-16 07:52:36.263;692.1788;427.1568;666.9369;433.2456;660.0;435.0;
2015-01-16 07:52:36.296;697.4926;448.5866;729.3489;481.2245;660.0;435.0;
2015-01-16 07:52:36.329;705.9399;473.5079;0.0;0.0;660.0;435.0;
2015-01-16 07:52:36.363;685.8323;430.2035;0.0;0.0;660.0;435.0;
2015-01-16 07:52:36.396;711.3416;444.0641;0.0;0.0;15.0;435.0;
2015-01-16 07:52:36.429;720.0719;475.2005;650.6267;371.9395;15.0;435.0;
2015-01-16 07:52:36.463;707.3063;454.4144;718.8746;410.2549;15.0;435.0;
2015-01-16 07:52:36.496;0.0;0.0;699.139;415.9094;15.0;435.0;
2015-01-16 07:52:36.529;714.7982;438.2088;733.5428;466.2225;15.0;435.0;
2015-01-16 07:52:36.563;688.9691;518.6578;0.0;0.0;15.0;435.0;
2015-01-16 07:52:36.596;696.741;405.1946;0.0;0.0;15.0;435.0;
2015-01-16 07:52:36.630;682.0344;431.4453;0.0;0.0;15.0;435.0;
2015-01-16 07:52:36.662;696.4243;460.4604;714.7263;437.7192;15.0;435.0;
2015-01-16 07:52:36.696;0.0;0.0;685.9686;468.3314;15.0;435.0;
2015-01-16 07:52:36.729;700.4921;425.9418;691.6661;397.1803;15.0;435.0;
2015-01-16 07:52:36.762;1626.3146;609.0439;0.0;0.0;15.0;435.0;
2015-01-16 07:52:36.796;1587.1479;396.9031;0.0;0.0;15.0;435.0;
2015-01-16 07:52:36.829;682.4152;468.1733;0.0;0.0;15.0;435.0;
2015-01-16 07:52:36.862;692.2976;400.9758;0.0;0.0;15.0;435.0;
2015-01-16 07:52:36.896;649.2155;523.059;0.0;0.0;15.0;435.0;
2015-01-16 07:52:36.929;228.7516;635.2715;0.0;0.0;15.0;435.0;
2015-01-16 07:52:36.962;74.2695;599.7216;167.3917;465.8333;15.0;435.0;
2015-01-16 07:52:36.995;60.2101;600.0496;198.7836;740.4286;15.0;435.0;
2015-01-16 07:52:37.029;83.5952;622.715;0.0;0.0;15.0;435.0;
2015-01-16 07:52:37.062;0.0;0.0;0.0;0.0;15.0;435.0;
2015-01-16 07:52:37.095;164.5834;417.555;0.0;0.0;15.0;435.0;
2015-01-16 07:52:37.129;164.9571;439.4678;0.0;0.0;15.0;435.0;
2015-01-16 07:52:37.162;137.5068;418.8863;179.0912;453.4897;15.0;435.0;
2015-01-16 07:52:37.195;183.1388;465.4694;163.6398;465.4495;15.0;435.0;
2015-01-16 07:52:37.229;197.0448;531.6561;178.4045;459.0346;15.0;435.0;
2015-01-16 07:52:37.262;0.0;0.0;0.0;0.0;15.0;435.0;
2015-01-16 07:52:37.295;1011.9077;740.105;0.0;0.0;660.0;435.0;
2015-01-16 07:52:37.329;0.0;0.0;0.0;0.0;660.0;435.0;
2015-01-16 07:52:37.362;988.6001;723.8282;0.0;0.0;660.0;435.0;
2015-01-16 07:52:37.395;1820.9752;450.8044;-927.2612;513.9146;660.0;435.0;
2015-01-16 07:52:37.429;0.0;0.0;1762.9086;729.4656;660.0;435.0;
2015-01-16 07:52:37.462;0.0;0.0;0.0;0.0;660.0;435.0;
2015-01-16 07:52:37.495;0.0;0.0;0.0;0.0;660.0;435.0;
2015-01-16 07:52:37.529;0.0;0.0;0.0;0.0;660.0;435.0;
2015-01-16 07:52:37.562;0.0;0.0;0.0;0.0;660.0;435.0;
2015-01-16 07:52:37.595;650.4885;439.4016;648.8821;425.6511;660.0;435.0;
2015-01-16 07:52:37.628;701.8583;484.5177;693.6591;449.9059;660.0;435.0;
2015-01-16 07:52:37.662;662.6231;468.1454;681.3215;504.6754;660.0;435.0;
2015-01-16 07:52:37.695;0.0;0.0;0.0;0.0;660.0;435.0;
2015-01-16 07:52:37.728;0.0;0.0;0.0;0.0;660.0;435.0;
2015-01-16 07:52:37.762;0.0;0.0;0.0;0.0;660.0;435.0;
2015-01-16 07:52:37.795;0.0;0.0;0.0;0.0;660.0;435.0;
2015-01-16 07:52:37.828;0.0;0.0;0.0;0.0;660.0;435.0;
2015-01-16 07:52:37.861;1341.465;599.5302;101.5097;773.2646;660.0;435.0;
2015-01-16 07:52:37.895;0.0;0.0;0.0;0.0;660.0;435.0;
2015-01-16 07:52:37.928;0.0;0.0;0.0;0.0;660.0;435.0;
2015-01-16 07:52:37.964;0.0;0.0;0.0;0.0;660.0;435.0;
2015-01-16 07:52:38.028;0.0;0.0;0.0;0.0;660.0;435.0;
2015-01-16 07:52:38.028;0.0;0.0;0.0;0.0;660.0;435.0;
2015-01-16 07:52:38.100;0.0;0.0;734.5729;443.1056;660.0;435.0;
2015-01-16 07:52:38.128;671.8593;478.6948;693.4095;437.068;660.0;435.0;
2015-01-16 07:52:38.195;731.2213;510.1979;0.0;0.0;660.0;435.0;
2015-01-16 07:52:38.228;701.6974;496.0138;0.0;0.0;660.0;435.0;
2015-01-16 07:52:38.266;683.8127;476.8084;708.4305;409.2834;660.0;435.0;
2015-01-16 07:52:38.328;1733.317;321.9364;674.7745;489.682;660.0;435.0;
2015-01-16 07:52:38.361;0.0;0.0;642.6858;556.292;660.0;435.0;
2015-01-16 07:52:38.394;1304.501;584.4471;722.3773;467.436;660.0;435.0;
2015-01-16 07:52:38.428;0.0;0.0;746.2111;551.0325;660.0;435.0;
2015-01-16 07:52:38.461;0.0;0.0;0.0;0.0;660.0;435.0;
2015-01-16 07:52:38.521;1746.3499;191.8036;678.1979;538.2758;660.0;435.0;
2015-01-16 07:52:38.561;2081.9036;123.9381;688.9203;510.9303;660.0;435.0;
2015-01-16 07:52:38.594;659.5257;454.1139;672.2184;444.5408;660.0;435.0;
2015-01-16 07:52:38.627;732.7806;538.9188;709.2744;451.4551;15.0;435.0;
2015-01-16 07:52:38.661;670.8244;487.7595;683.5971;458.5714;15.0;435.0;
2015-01-16 07:52:38.694;692.0759;461.4219;699.8525;434.3365;15.0;435.0;
2015-01-16 07:52:38.727;732.1574;465.6309;683.4261;482.9619;15.0;435.0;
2015-01-16 07:52:38.761;719.012;445.9524;700.1665;487.8776;15.0;435.0;
2015-01-16 07:52:38.794;696.7793;489.79;699.9872;498.6046;15.0;435.0;
2015-01-16 07:52:38.827;701.1224;453.3109;663.0216;504.5034;15.0;435.0;
2015-01-16 07:52:38.861;644.2664;475.399;667.2126;491.0733;15.0;435.0;
2015-01-16 07:52:38.894;717.6718;517.6204;701.2603;538.1052;15.0;435.0;
2015-01-16 07:52:38.927;690.8129;485.7599;711.6575;421.5308;15.0;435.0;
2015-01-16 07:52:38.960;684.5902;502.8062;702.279;491.8593;15.0;435.0;
2015-01-16 07:52:38.994;705.5795;490.5061;725.1194;465.2665;15.0;435.0;
2015-01-16 07:52:39.027;673.716;462.9153;721.7647;426.8568;15.0;435.0;
2015-01-16 07:52:39.061;721.9274;485.086;0.0;0.0;15.0;435.0;
2015-01-16 07:52:39.094;697.5201;436.0416;0.0;0.0;15.0;435.0;
2015-01-16 07:52:39.127;657.1085;449.253;0.0;0.0;15.0;435.0;
2015-01-16 07:52:39.160;0.0;0.0;0.0;0.0;15.0;435.0;
2015-01-16 07:52:39.194;0.0;0.0;0.0;0.0;15.0;435.0;
2015-01-16 07:52:39.227;689.3121;431.2349;663.8401;410.7017;15.0;435.0;
2015-01-16 07:52:39.296;717.6797;492.2744;708.1888;422.7235;15.0;435.0;
2015-01-16 07:52:39.327;708.3667;467.304;0.0;0.0;15.0;435.0;
2015-01-16 07:52:39.360;706.2917;435.4625;0.0;0.0;15.0;435.0;
2015-01-16 07:52:39.394;676.0765;457.7889;0.0;0.0;15.0;435.0;
2015-01-16 07:52:39.427;687.9357;387.9572;689.6434;422.7137;660.0;435.0;
2015-01-16 07:52:39.460;680.4178;408.1154;675.7737;360.723;660.0;435.0;
2015-01-16 07:52:39.493;748.9522;451.4501;677.1448;453.3091;660.0;435.0;
2015-01-16 07:52:39.527;739.8704;472.2421;709.287;370.4544;660.0;435.0;
2015-01-16 07:52:39.560;705.2358;461.6831;0.0;0.0;660.0;435.0;
2015-01-16 07:52:39.593;685.3;448.0064;0.0;0.0;660.0;435.0;
2015-01-16 07:52:39.627;728.0672;462.9342;665.287;427.0869;660.0;435.0;
2015-01-16 07:52:39.660;691.8744;438.6342;678.561;392.5276;660.0;435.0;
2015-01-16 07:52:39.693;704.282;493.6114;707.1176;368.5728;660.0;435.0;
2015-01-16 07:52:39.727;689.4812;447.8903;727.7867;436.8058;660.0;435.0;
2015-01-16 07:52:39.760;727.1577;509.0905;721.4677;516.3751;660.0;435.0;
2015-01-16 07:52:39.793;693.7268;466.0244;0.0;0.0;660.0;435.0;
2015-01-16 07:52:39.827;676.6317;436.6935;0.0;0.0;660.0;435.0;
2015-01-16 07:52:39.860;705.6177;501.1513;662.8954;358.5024;660.0;435.0;
2015-01-16 07:52:39.893;0.0;0.0;671.5446;476.9544;660.0;435.0;
2015-01-16 07:52:39.926;713.6503;441.7185;704.2709;438.7588;660.0;435.0;
2015-01-16 07:52:39.960;646.9839;477.9066;737.0049;457.5977;660.0;435.0;
2015-01-16 07:52:39.993;726.125;414.7588;703.1224;482.563;660.0;435.0;
2015-01-16 07:52:40.026;665.2744;383.8689;0.0;0.0;660.0;435.0;
2015-01-16 07:52:40.060;688.8972;498.4519;0.0;0.0;660.0;435.0;
2015-01-16 07:52:40.093;697.8962;387.1987;665.4601;397.2245;660.0;435.0;
2015-01-16 07:52:40.126;631.8618;475.3441;714.1283;457.4386;660.0;435.0;
2015-01-16 07:52:40.160;648.9196;389.5617;686.6893;394.3278;660.0;435.0;
2015-01-16 07:52:40.193;0.0;0.0;728.9171;518.2372;660.0;435.0;
2015-01-16 07:52:40.226;0.0;0.0;699.3603;475.5603;660.0;435.0;
2015-01-16 07:52:40.261;0.0;0.0;0.0;0.0;660.0;435.0;
2015-01-16 07:52:40.293;661.2882;437.3989;0.0;0.0;660.0;435.0;
2015-01-16 07:52:40.326;0.0;0.0;672.7852;421.4887;660.0;435.0;
2015-01-16 07:52:40.359;684.6337;424.6207;730.3378;363.99;660.0;435.0;
2015-01-16 07:52:40.393;713.4374;472.7215;686.9167;275.5493;660.0;435.0;
2015-01-16 07:52:40.426;0.0;0.0;704.8591;436.7077;660.0;435.0;
2015-01-16 07:52:40.459;0.0;0.0;700.4163;438.4343;660.0;435.0;
2015-01-16 07:52:40.493;693.8648;420.2135;0.0;0.0;660.0;435.0;
2015-01-16 07:52:40.526;672.404;463.5314;0.0;0.0;660.0;435.0;
2015-01-16 07:52:40.559;657.9667;414.5882;0.0;0.0;660.0;435.0;
2015-01-16 07:52:40.592;721.803;514.0555;690.6248;391.3331;660.0;435.0;
2015-01-16 07:52:40.626;659.6296;419.9139;679.7212;387.4015;660.0;435.0;
2015-01-16 07:52:40.659;716.7002;441.2545;692.3231;434.3228;660.0;435.0;
2015-01-16 07:52:40.692;0.0;0.0;706.5202;474.959;660.0;435.0;
2015-01-16 07:52:40.726;0.0;0.0;0.0;0.0;660.0;435.0;
2015-01-16 07:52:40.759;685.3779;446.8629;0.0;0.0;660.0;435.0;
2015-01-16 07:52:40.792;709.8644;440.7495;0.0;0.0;660.0;435.0;
2015-01-16 07:52:40.826;697.1144;424.4479;680.7373;432.0005;660.0;435.0;
2015-01-16 07:52:40.859;696.8539;429.7878;660.0126;363.0048;1365.0;435.0;
2015-01-16 07:52:40.892;707.5307;455.5904;697.6812;384.1086;1365.0;435.0;
2015-01-16 07:52:40.925;699.4806;450.4856;662.4562;393.3198;1365.0;435.0;
2015-01-16 07:52:40.959;658.4472;454.1047;0.0;0.0;1365.0;435.0;
2015-01-16 07:52:40.992;680.0788;456.6436;0.0;0.0;1365.0;435.0;
2015-01-16 07:52:41.026;641.7225;430.1495;0.0;0.0;1365.0;435.0;
2015-01-16 07:52:41.059;696.1698;446.9276;0.0;0.0;1365.0;435.0;
2015-01-16 07:52:41.092;669.723;450.7652;647.9667;399.7623;1365.0;435.0;
2015-01-16 07:52:41.125;753.7114;444.0446;774.6492;456.7333;1365.0;435.0;
2015-01-16 07:52:41.159;1133.8672;320.3567;1148.8837;312.5754;1365.0;435.0;
2015-01-16 07:52:41.192;1211.7904;375.4749;1276.2924;489.6076;1365.0;435.0;
2015-01-16 07:52:41.225;1352.6853;487.1124;0.0;0.0;1365.0;435.0;
2015-01-16 07:52:41.259;1309.2273;451.5344;0.0;0.0;1365.0;435.0;
2015-01-16 07:52:41.292;1315.2686;485.0855;0.0;0.0;1365.0;435.0;
2015-01-16 07:52:41.325;1347.8881;452.1522;1386.7521;435.0457;1365.0;435.0;
2015-01-16 07:52:41.358;1375.8018;395.8358;1370.6182;442.9091;1365.0;435.0;
2015-01-16 07:52:41.392;1338.2191;407.9347;1374.6486;528.98;1365.0;435.0;
2015-01-16 07:52:41.425;1325.4332;424.2331;1413.609;491.8965;1365.0;435.0;
2015-01-16 07:52:41.458;1354.4813;506.3954;1467.8363;464.5678;1365.0;435.0;
2015-01-16 07:52:41.492;1376.7441;551.4861;0.0;0.0;1365.0;435.0;
2015-01-16 07:52:41.525;1371.9396;465.3512;1456.7341;502.1439;1365.0;435.0;
2015-01-16 07:52:41.558;1365.1595;436.1203;1392.5913;453.6903;1365.0;435.0;
2015-01-16 07:52:41.592;1356.7527;452.7603;1409.3998;514.9705;1365.0;435.0;
2015-01-16 07:52:41.625;1385.2151;416.3685;1422.5007;556.7621;1365.0;435.0;
2015-01-16 07:52:41.658;1383.2562;411.4998;1428.8297;494.0506;1365.0;435.0;
2015-01-16 07:52:41.691;1345.4846;505.3571;1415.6298;491.1687;1365.0;435.0;
2015-01-16 07:52:41.725;1346.2991;454.5659;1510.0981;533.0888;1365.0;435.0;
2015-01-16 07:52:41.758;1345.4104;472.6735;1422.1383;473.9221;660.0;435.0;
2015-01-16 07:52:41.791;1383.9835;440.4855;1402.9934;554.9529;660.0;435.0;
2015-01-16 07:52:41.825;1415.5161;454.7361;1392.0876;590.6542;660.0;435.0;
2015-01-16 07:52:41.858;1390.5134;446.1279;1433.4705;500.064;660.0;435.0;
2015-01-16 07:52:41.891;1354.3319;525.8264;1408.7977;508.9498;660.0;435.0;
2015-01-16 07:52:41.925;1473.0109;544.1392;1503.5925;473.9923;660.0;435.0;
2015-01-16 07:52:41.958;1336.62;521.2126;1395.5085;482.1276;660.0;435.0;
2015-01-16 07:52:41.991;1487.6846;571.4714;1445.0203;473.008;660.0;435.0;
2015-01-16 07:52:42.025;1358.0327;453.3898;1424.4065;494.6575;660.0;435.0;
2015-01-16 07:52:42.058;1307.3927;433.4364;1328.1628;529.4683;660.0;435.0;
2015-01-16 07:52:42.091;1317.722;500.7062;1386.4146;451.6854;660.0;435.0;
2015-01-16 07:52:42.124;1348.9832;536.367;1344.4272;547.7371;660.0;435.0;
2015-01-16 07:52:42.158;1337.4094;573.7496;1368.3436;414.8013;660.0;435.0;
2015-01-16 07:52:42.191;983.8281;522.7328;0.0;0.0;660.0;435.0;
2015-01-16 07:52:42.224;734.9418;447.1496;738.0232;540.01;660.0;435.0;
2015-01-16 07:52:42.258;702.2842;501.7292;703.1809;457.2186;660.0;435.0;
2015-01-16 07:52:42.298;725.62;489.9102;754.9129;518.9891;660.0;435.0;
2015-01-16 07:52:42.324;707.8559;529.21;725.2349;368.7896;660.0;435.0;
2015-01-16 07:52:42.358;721.8792;500.0754;732.6083;459.6299;660.0;435.0;
2015-01-16 07:52:42.391;729.8696;494.9192;734.3466;493.8709;660.0;435.0;
2015-01-16 07:52:42.424;728.1529;467.7285;714.7671;462.6456;660.0;435.0;
2015-01-16 07:52:42.458;717.0338;483.3126;709.4128;393.0424;660.0;435.0;
2015-01-16 07:52:42.491;746.6152;459.8538;750.8619;530.4426;660.0;435.0;
2015-01-16 07:52:42.524;649.2153;443.0495;668.1459;440.1017;660.0;435.0;
2015-01-16 07:52:42.557;705.7225;479.7054;698.9669;433.0922;660.0;435.0;
2015-01-16 07:52:42.591;704.175;400.1359;695.4684;517.6146;660.0;435.0;
2015-01-16 07:52:42.624;687.9327;464.7073;680.2572;510.6852;660.0;435.0;
2015-01-16 07:52:42.657;654.8403;409.1774;693.662;510.0635;1365.0;435.0;
2015-01-16 07:52:42.691;631.0815;425.3474;645.6917;405.929;1365.0;435.0;
2015-01-16 07:52:42.724;690.0602;500.5262;638.9626;441.7433;1365.0;435.0;
2015-01-16 07:52:42.757;688.0277;436.212;749.2244;457.9335;1365.0;435.0;
2015-01-16 07:52:42.791;696.7825;434.8607;724.2735;449.9002;1365.0;435.0;
